system,model,family,descriptor_count,ordinary_descriptor_count,tagged_descriptor_count,cv_energy_rmse_mean_eV_per_atom,cv_energy_rmse_std_eV_per_atom,cv_force_rmse_mean_eV_per_A,cv_force_rmse_std_eV_per_A,test_energy_rmse_eV_per_atom,test_force_rmse_eV_per_A,ridge_alpha,energy_weight,tagged_relative_penalty,group_weights,comparison_note
Ni,ace_60,ace,60,60,0,0.002801802763973114,0.00029597753959705075,0.12948471735680991,0.019166930138072143,0.0032668876621836517,0.1534141115632657,2.0605028435671503e-07,4.583682404524741,1.0,"{""AIMD-NVT"": 1.1466724366975198, ""Elastic"": 1.1097542467278478, ""Surface"": 0.672419150926095, ""Vacancy"": 1.1686749553451328}",
Ni,ye3t_tagged_60,tagged_ye3t,60,15,45,0.0012614846440837846,0.00022318601081769957,0.04936910284764071,0.006577651238148553,0.0009634976387666062,0.05873793966933046,1.8608330622048866e-09,4.210524750961562,0.12933197989976236,"{""AIMD-NVT"": 1.1837838620343406, ""Elastic"": 1.5009281994764894, ""Surface"": 0.48826048688110385, ""Vacancy"": 1.1526994548908491}",
Ni,ace_70,ace,70,70,0,0.0017239566498969284,0.0004677609693036812,0.09874824684052082,0.017376674752252283,0.001996784856372556,0.11899315780221692,1e-10,3.638659162646051,1.0,"{""AIMD-NVT"": 0.8947147777787642, ""Elastic"": 0.9250145068211693, ""Surface"": 0.9004440577974536, ""Vacancy"": 1.3418689672406856}",
Ni,ye3t_tagged_70,tagged_ye3t,70,25,45,0.00117767357514726,0.00017972488765407422,0.04871134704486386,0.006485512255050844,0.000878626361410206,0.0574545844135402,1e-10,7.3353479446921535,0.3036761349474649,"{""AIMD-NVT"": 0.9897770095078574, ""Elastic"": 1.0003941132488694, ""Surface"": 1.2966869204167009, ""Vacancy"": 0.7788545843634093}",
Ni,ace_120,ace,120,120,0,0.0017071053342617652,0.0001625196501581579,0.07913369109816701,0.012485530938772926,0.00169270260258312,0.09335424798527606,1e-10,4.2872330753279835,1.0,"{""AIMD-NVT"": 0.6625395250681868, ""Elastic"": 0.6080927775042415, ""Surface"": 3.1999800433865184, ""Vacancy"": 0.7756594588196118}",
Ni,ye3t_tagged_120,tagged_ye3t,120,52,68,0.0009883405961671691,0.00012304138487146353,0.040293819100038486,0.004842687959534221,0.0009148825635862324,0.047753994414546835,1e-10,5.8059033174029,0.0897374062638623,"{""AIMD-NVT"": 1.3254293685326939, ""Elastic"": 1.02626111923846, ""Surface"": 0.6006063754999033, ""Vacancy"": 1.2240399629836705}",
Ni,ace_127,ace,127,127,0,0.001666053988308057,0.00030468890319092196,0.07655945729872386,0.012026580186776718,0.001525826085883513,0.08973407155663327,1.2842085990809678e-10,7.67365440136986,1.0,"{""AIMD-NVT"": 1.0076588851434098, ""Elastic"": 0.7366921489953804, ""Surface"": 2.3827040374329997, ""Vacancy"": 0.5653668223669727}",
Ni,ye3t_tagged_127,tagged_ye3t,127,59,68,0.0008137367198277799,0.00020322830431555402,0.03466822970513244,0.0036924617354309832,0.000677335989043971,0.039417595095869784,1e-10,6.113905002213526,0.2708482089732946,"{""AIMD-NVT"": 1.226657592228842, ""Elastic"": 1.0298265385887098, ""Surface"": 0.7756267270732168, ""Vacancy"": 1.0206099630686312}",
Ni,ace_149,ace,149,149,0,0.0017328410084604569,0.00031076301464879653,0.07618823401626922,0.01221907740147663,0.0015503560391467326,0.08947807057063459,1e-10,3.2601895288906073,1.0,"{""AIMD-NVT"": 0.7998776024462712, ""Elastic"": 0.9659742937509356, ""Surface"": 1.7179335123007407, ""Vacancy"": 0.7533634441559702}",
Ni,ye3t_tagged_149,tagged_ye3t,149,81,68,0.0006929466108251436,0.0001720414135443918,0.0315980843145188,0.003491111488574814,0.0006426788248613764,0.036318636669723785,1e-10,3.4910544326068558,0.28088811718060713,"{""AIMD-NVT"": 1.4743715841029836, ""Elastic"": 1.4185586357783122, ""Surface"": 0.3678861432610943, ""Vacancy"": 1.299667700490453}",
Ni,ye3t_augmented_196,tagged_ye3t_augmented,196,128,68,0.0006541755670081424,0.00017057970677007123,0.03086344887016778,0.0035109391041296,0.0006823418633112605,0.036024765300951354,1e-10,6.247050886730425,0.7591090069808913,"{""AIMD-NVT"": 1.028687583387909, ""Elastic"": 1.1875527602025586, ""Surface"": 0.6658653832482623, ""Vacancy"": 1.2293545452109862}",
Ni,pace_curated_61_historical_anchor,ace_curated,61,61,0,0.0024240174779016138,0.0,0.07296220403135517,0.0,0.0026113549982038128,0.07898705084123898,1e-06,1.0,1.0,{},"retained curated PACE anchor; fixed 5.0 A radial setting and earlier fit protocol, shown to detect weak generated controls"
