system,model,distance_A,energy_eV,atom_1_force_x_eV_per_A,finite
Ni,ace_127,0.8,278.53404888622913,-1327.04174630485,True
Ni,ace_127,1.0,109.43668586327856,-512.326448498169,True
Ni,ace_127,1.2,40.2755703730569,-224.459589141583,True
Ni,ace_127,1.5,3.9547276567397756,-33.3088128638049,True
Ni,ace_127,2.0,1.8564975188021577,2.32896040701032,True
Ni,ace_127,2.5,4.565382772725366,7.85841197242406,True
Ni,ace_127,3.0,9.120688160128688,9.75702363278573,True
Ni,ye3t_tagged_127,0.8,326.45795305195406,-1502.01197569456,True
Ni,ye3t_tagged_127,1.0,130.5446394732837,-611.191025249067,True
Ni,ye3t_tagged_127,1.2,46.67712592586872,-276.844447203891,True
Ni,ye3t_tagged_127,1.5,0.45134519260947137,-52.553728584394,True
Ni,ye3t_tagged_127,2.0,-7.454922720264285,-6.85678907687321,True
Ni,ye3t_tagged_127,2.5,-10.235584648511818,-5.13058900482566,True
Ni,ye3t_tagged_127,3.0,-12.578638722179297,-3.87846478810515,True
Ni,ye3t_augmented_196,0.8,314.735391806624,-1413.98115071172,True
Ni,ye3t_augmented_196,1.0,132.1907011853314,-562.778764601309,True
Ni,ye3t_augmented_196,1.2,55.30781499844923,-253.233933176644,True
Ni,ye3t_augmented_196,1.5,13.111951848823542,-46.0195042325917,True
Ni,ye3t_augmented_196,2.0,7.486768973680791,-1.06515265707234,True
Ni,ye3t_augmented_196,2.5,8.976582206005055,5.32394288239668,True
Ni,ye3t_augmented_196,3.0,11.55437337783569,4.24047024645056,True
