model,strain_mode,delta,lattice_constant_A,energy_eV_per_atom,volume_A3,atoms,input,log
ace_127,eos,-0.09999999999999998,3.1572,-0.818529486574704,251.765530089984,32,in.ace_127.eos.m0.100000,log.ace_127.eos.m0.100000
ace_127,eos,-0.08999999999999997,3.1922800000000002,-3.13700547887288,260.251306276323,32,in.ace_127.eos.m0.090000,log.ace_127.eos.m0.090000
ace_127,eos,-0.07999999999999996,3.22736,-4.37249886196708,268.925647592194,32,in.ace_127.eos.m0.080000,log.ace_127.eos.m0.080000
ace_127,eos,-0.06999999999999995,3.2624400000000002,-5.01899543202353,277.790626181878,32,in.ace_127.eos.m0.070000,log.ace_127.eos.m0.070000
ace_127,eos,-0.05999999999999994,3.29752,-5.35820887260808,286.848314189656,32,in.ace_127.eos.m0.060000,log.ace_127.eos.m0.060000
ace_127,eos,-0.04999999999999993,3.3326000000000002,-5.53724231462244,296.100783759808,32,in.ace_127.eos.m0.050000,log.ace_127.eos.m0.050000
ace_127,eos,-0.039999999999999925,3.3676800000000005,-5.63705170826101,305.550107036615,32,in.ace_127.eos.m0.040000,log.ace_127.eos.m0.040000
ace_127,eos,-0.029999999999999916,3.4027600000000002,-5.69868006697205,315.198356164357,32,in.ace_127.eos.m0.030000,log.ace_127.eos.m0.030000
ace_127,eos,-0.019999999999999907,3.4378400000000005,-5.73996157035879,325.047603287315,32,in.ace_127.eos.m0.020000,log.ace_127.eos.m0.020000
ace_127,eos,-0.009999999999999898,3.4729200000000002,-5.76682741358345,335.099920549769,32,in.ace_127.eos.m0.010000,log.ace_127.eos.m0.010000
ace_127,eos,0.0,3.508,-5.78013709845813,345.357380096,32,in.ace_127.eos.p0.000000,log.ace_127.eos.p0.000000
ace_127,eos,0.010000000000000009,3.5430800000000002,-5.77951632538401,355.822054070289,32,in.ace_127.eos.p0.010000,log.ace_127.eos.p0.010000
ace_127,eos,0.020000000000000018,3.57816,-5.76524320085845,366.496014616916,32,in.ace_127.eos.p0.020000,log.ace_127.eos.p0.020000
ace_127,eos,0.030000000000000027,3.6132400000000002,-5.73891244756344,377.381333880162,32,in.ace_127.eos.p0.030000,log.ace_127.eos.p0.030000
ace_127,eos,0.040000000000000036,3.64832,-5.70338405506608,388.480084004307,32,in.ace_127.eos.p0.040000,log.ace_127.eos.p0.040000
ace_127,eos,0.050000000000000044,3.6834000000000002,-5.66236246423621,399.794337133632,32,in.ace_127.eos.p0.050000,log.ace_127.eos.p0.050000
ace_127,eos,0.06000000000000005,3.71848,-5.61983768689814,411.326165412418,32,in.ace_127.eos.p0.060000,log.ace_127.eos.p0.060000
ace_127,eos,0.07000000000000006,3.7535600000000002,-5.57953910410412,423.077640984944,32,in.ace_127.eos.p0.070000,log.ace_127.eos.p0.070000
ace_127,eos,0.08000000000000007,3.7886400000000005,-5.54448443007301,435.050835995492,32,in.ace_127.eos.p0.080000,log.ace_127.eos.p0.080000
ace_127,eos,0.09000000000000008,3.8237200000000002,-5.51077421284212,447.247822588343,32,in.ace_127.eos.p0.090000,log.ace_127.eos.p0.090000
ace_127,eos,0.10000000000000009,3.8588000000000005,-5.47630618483009,459.670672907776,32,in.ace_127.eos.p0.100000,log.ace_127.eos.p0.100000
ye3t_tagged_127,eos,-0.09999999999999998,3.1572,-5.58463173315943,251.765530089984,32,in.ye3t_tagged_127.eos.m0.100000,log.ye3t_tagged_127.eos.m0.100000
ye3t_tagged_127,eos,-0.08999999999999997,3.1922800000000002,-5.28441879619777,260.251306276323,32,in.ye3t_tagged_127.eos.m0.090000,log.ye3t_tagged_127.eos.m0.090000
ye3t_tagged_127,eos,-0.07999999999999996,3.22736,-5.24622412184442,268.925647592194,32,in.ye3t_tagged_127.eos.m0.080000,log.ye3t_tagged_127.eos.m0.080000
ye3t_tagged_127,eos,-0.06999999999999995,3.2624400000000002,-5.32061801250023,277.790626181878,32,in.ye3t_tagged_127.eos.m0.070000,log.ye3t_tagged_127.eos.m0.070000
ye3t_tagged_127,eos,-0.05999999999999994,3.29752,-5.43007803886337,286.848314189656,32,in.ye3t_tagged_127.eos.m0.060000,log.ye3t_tagged_127.eos.m0.060000
ye3t_tagged_127,eos,-0.04999999999999993,3.3326000000000002,-5.53737219529631,296.100783759808,32,in.ye3t_tagged_127.eos.m0.050000,log.ye3t_tagged_127.eos.m0.050000
ye3t_tagged_127,eos,-0.039999999999999925,3.3676800000000005,-5.62672562624834,305.550107036615,32,in.ye3t_tagged_127.eos.m0.040000,log.ye3t_tagged_127.eos.m0.040000
ye3t_tagged_127,eos,-0.029999999999999916,3.4027600000000002,-5.6939032378055,315.198356164357,32,in.ye3t_tagged_127.eos.m0.030000,log.ye3t_tagged_127.eos.m0.030000
ye3t_tagged_127,eos,-0.019999999999999907,3.4378400000000005,-5.73990580143453,325.047603287315,32,in.ye3t_tagged_127.eos.m0.020000,log.ye3t_tagged_127.eos.m0.020000
ye3t_tagged_127,eos,-0.009999999999999898,3.4729200000000002,-5.76752014748467,335.099920549769,32,in.ye3t_tagged_127.eos.m0.010000,log.ye3t_tagged_127.eos.m0.010000
ye3t_tagged_127,eos,0.0,3.508,-5.77963118592265,345.357380096,32,in.ye3t_tagged_127.eos.p0.000000,log.ye3t_tagged_127.eos.p0.000000
ye3t_tagged_127,eos,0.010000000000000009,3.5430800000000002,-5.77854233366469,355.822054070289,32,in.ye3t_tagged_127.eos.p0.010000,log.ye3t_tagged_127.eos.p0.010000
ye3t_tagged_127,eos,0.020000000000000018,3.57816,-5.76584219489564,366.496014616916,32,in.ye3t_tagged_127.eos.p0.020000,log.ye3t_tagged_127.eos.p0.020000
ye3t_tagged_127,eos,0.030000000000000027,3.6132400000000002,-5.7425416175671,377.381333880162,32,in.ye3t_tagged_127.eos.p0.030000,log.ye3t_tagged_127.eos.p0.030000
ye3t_tagged_127,eos,0.040000000000000036,3.64832,-5.70932174068804,388.480084004307,32,in.ye3t_tagged_127.eos.p0.040000,log.ye3t_tagged_127.eos.p0.040000
ye3t_tagged_127,eos,0.050000000000000044,3.6834000000000002,-5.66680469780937,399.794337133632,32,in.ye3t_tagged_127.eos.p0.050000,log.ye3t_tagged_127.eos.p0.050000
ye3t_tagged_127,eos,0.06000000000000005,3.71848,-5.61580079828303,411.326165412418,32,in.ye3t_tagged_127.eos.p0.060000,log.ye3t_tagged_127.eos.p0.060000
ye3t_tagged_127,eos,0.07000000000000006,3.7535600000000002,-5.55751030008258,423.077640984944,32,in.ye3t_tagged_127.eos.p0.070000,log.ye3t_tagged_127.eos.p0.070000
ye3t_tagged_127,eos,0.08000000000000007,3.7886400000000005,-5.49367010140074,435.050835995492,32,in.ye3t_tagged_127.eos.p0.080000,log.ye3t_tagged_127.eos.p0.080000
ye3t_tagged_127,eos,0.09000000000000008,3.8237200000000002,-5.42562830630661,447.247822588343,32,in.ye3t_tagged_127.eos.p0.090000,log.ye3t_tagged_127.eos.p0.090000
ye3t_tagged_127,eos,0.10000000000000009,3.8588000000000005,-5.35402778758427,459.670672907776,32,in.ye3t_tagged_127.eos.p0.100000,log.ye3t_tagged_127.eos.p0.100000
ye3t_augmented_196,eos,-0.09999999999999998,3.1572,-5.6339213809888,251.765530089984,32,in.ye3t_augmented_196.eos.m0.100000,log.ye3t_augmented_196.eos.m0.100000
ye3t_augmented_196,eos,-0.08999999999999997,3.1922800000000002,-5.38066280918792,260.251306276323,32,in.ye3t_augmented_196.eos.m0.090000,log.ye3t_augmented_196.eos.m0.090000
ye3t_augmented_196,eos,-0.07999999999999996,3.22736,-5.3234548540886,268.925647592194,32,in.ye3t_augmented_196.eos.m0.080000,log.ye3t_augmented_196.eos.m0.080000
ye3t_augmented_196,eos,-0.06999999999999995,3.2624400000000002,-5.36559794949017,277.790626181878,32,in.ye3t_augmented_196.eos.m0.070000,log.ye3t_augmented_196.eos.m0.070000
ye3t_augmented_196,eos,-0.05999999999999994,3.29752,-5.45003424523202,286.848314189656,32,in.ye3t_augmented_196.eos.m0.060000,log.ye3t_augmented_196.eos.m0.060000
ye3t_augmented_196,eos,-0.04999999999999993,3.3326000000000002,-5.54279309207914,296.100783759808,32,in.ye3t_augmented_196.eos.m0.050000,log.ye3t_augmented_196.eos.m0.050000
ye3t_augmented_196,eos,-0.039999999999999925,3.3676800000000005,-5.62618882836341,305.550107036615,32,in.ye3t_augmented_196.eos.m0.040000,log.ye3t_augmented_196.eos.m0.040000
ye3t_augmented_196,eos,-0.029999999999999916,3.4027600000000002,-5.6923477172063,315.198356164357,32,in.ye3t_augmented_196.eos.m0.030000,log.ye3t_augmented_196.eos.m0.030000
ye3t_augmented_196,eos,-0.019999999999999907,3.4378400000000005,-5.73916766356388,325.047603287315,32,in.ye3t_augmented_196.eos.m0.020000,log.ye3t_augmented_196.eos.m0.020000
ye3t_augmented_196,eos,-0.009999999999999898,3.4729200000000002,-5.7676308426112,335.099920549769,32,in.ye3t_augmented_196.eos.m0.010000,log.ye3t_augmented_196.eos.m0.010000
ye3t_augmented_196,eos,0.0,3.508,-5.7800071052925,345.357380096,32,in.ye3t_augmented_196.eos.p0.000000,log.ye3t_augmented_196.eos.p0.000000
ye3t_augmented_196,eos,0.010000000000000009,3.5430800000000002,-5.77877015080048,355.822054070289,32,in.ye3t_augmented_196.eos.p0.010000,log.ye3t_augmented_196.eos.p0.010000
ye3t_augmented_196,eos,0.020000000000000018,3.57816,-5.76604542792097,366.496014616916,32,in.ye3t_augmented_196.eos.p0.020000,log.ye3t_augmented_196.eos.p0.020000
ye3t_augmented_196,eos,0.030000000000000027,3.6132400000000002,-5.74342525614088,377.381333880162,32,in.ye3t_augmented_196.eos.p0.030000,log.ye3t_augmented_196.eos.p0.030000
ye3t_augmented_196,eos,0.040000000000000036,3.64832,-5.71201222136642,388.480084004307,32,in.ye3t_augmented_196.eos.p0.040000,log.ye3t_augmented_196.eos.p0.040000
ye3t_augmented_196,eos,0.050000000000000044,3.6834000000000002,-5.67258030845687,399.794337133632,32,in.ye3t_augmented_196.eos.p0.050000,log.ye3t_augmented_196.eos.p0.050000
ye3t_augmented_196,eos,0.06000000000000005,3.71848,-5.62577111075143,411.326165412418,32,in.ye3t_augmented_196.eos.p0.060000,log.ye3t_augmented_196.eos.p0.060000
ye3t_augmented_196,eos,0.07000000000000006,3.7535600000000002,-5.57226819976131,423.077640984944,32,in.ye3t_augmented_196.eos.p0.070000,log.ye3t_augmented_196.eos.p0.070000
ye3t_augmented_196,eos,0.08000000000000007,3.7886400000000005,-5.51291201521781,435.050835995492,32,in.ye3t_augmented_196.eos.p0.080000,log.ye3t_augmented_196.eos.p0.080000
ye3t_augmented_196,eos,0.09000000000000008,3.8237200000000002,-5.44685561066876,447.247822588343,32,in.ye3t_augmented_196.eos.p0.090000,log.ye3t_augmented_196.eos.p0.090000
ye3t_augmented_196,eos,0.10000000000000009,3.8588000000000005,-5.37316861956174,459.670672907776,32,in.ye3t_augmented_196.eos.p0.100000,log.ye3t_augmented_196.eos.p0.100000
