system,model,family,descriptor_count,mpi_ranks,median_microseconds_per_atom_step,minimum_microseconds_per_atom_step,maximum_microseconds_per_atom_step,repetitions
Ni,ace_60,ace,60,1,20.37712962962963,20.025185185185187,21.380925925925926,5
Ni,ace_60,ace,60,4,6.02,5.709305555555556,6.188796296296296,5
Ni,ye3t_tagged_60,tagged_ye3t,60,1,152.88935185185184,148.7685185185185,160.8537037037037,5
Ni,ye3t_tagged_60,tagged_ye3t,60,4,45.03356481481482,42.78212962962963,45.71810185185185,5
Ni,ace_127,ace,127,1,29.726481481481482,29.484537037037036,30.660462962962963,5
Ni,ace_127,ace,127,4,8.682916666666667,8.437777777777777,8.94736111111111,5
Ni,ye3t_tagged_127,tagged_ye3t,127,1,184.19398148148147,180.70046296296297,191.26666666666668,5
Ni,ye3t_tagged_127,tagged_ye3t,127,4,53.73564814814815,52.68472222222222,55.592592592592595,5
Ni,ace_149,ace,149,1,46.01638888888889,45.07402777777778,47.20740740740741,5
Ni,ace_149,ace,149,4,13.258287037037038,12.84,13.611018518518518,5
Ni,ye3t_tagged_149,tagged_ye3t,149,1,183.7625,181.82962962962964,191.31574074074075,5
Ni,ye3t_tagged_149,tagged_ye3t,149,4,54.83148148148148,53.26712962962963,56.418055555555554,5
