system,model,family,descriptor_count,ordinary_descriptor_count,tagged_descriptor_count,repetition,execution_order_index,loop_seconds,mpi_ranks,steps,atoms,wall_seconds,microseconds_per_atom_step
Ni,ace_60,ace,60,60,0,0,0,4.61828,1,250,864,5.786441887001274,21.380925925925926
Ni,ye3t_tagged_60,tagged_ye3t,60,15,45,0,1,34.7444,1,250,864,39.751524956998765,160.8537037037037
Ni,ace_127,ace,127,127,0,0,2,6.62266,1,250,864,7.895424926002306,30.660462962962963
Ni,ye3t_tagged_127,tagged_ye3t,127,59,68,0,3,41.3136,1,250,864,46.911449981998885,191.26666666666668
Ni,ace_149,ace,149,149,0,0,4,10.1032,1,250,864,12.962554530000489,46.77407407407407
Ni,ye3t_tagged_149,tagged_ye3t,149,81,68,0,5,40.42,1,250,864,46.03443483099909,187.12962962962962
Ni,ye3t_tagged_60,tagged_ye3t,60,15,45,1,0,32.5121,1,250,864,37.3255686199991,150.51898148148146
Ni,ace_127,ace,127,127,0,1,1,6.41265,1,250,864,7.7296589680008765,29.688194444444445
Ni,ye3t_tagged_127,tagged_ye3t,127,59,68,1,2,39.0313,1,250,864,44.39598727300108,180.70046296296297
Ni,ace_149,ace,149,149,0,1,3,9.93954,1,250,864,11.528466258998378,46.01638888888889
Ni,ye3t_tagged_149,tagged_ye3t,149,81,68,1,4,39.6579,1,250,864,45.2530300369981,183.6013888888889
Ni,ace_60,ace,60,60,0,1,6,4.40146,1,250,864,5.500219656998524,20.37712962962963
Ni,ace_127,ace,127,127,0,2,0,6.42092,1,250,864,7.709214579001127,29.726481481481482
Ni,ye3t_tagged_127,tagged_ye3t,127,59,68,2,1,39.8247,1,250,864,44.130383233998145,184.3736111111111
Ni,ace_149,ace,149,149,0,2,2,10.1968,1,250,864,12.974367120001261,47.20740740740741
Ni,ye3t_tagged_149,tagged_ye3t,149,81,68,2,3,41.3242,1,250,864,46.885776342998724,191.31574074074075
Ni,ace_60,ace,60,60,0,2,5,4.43189,1,250,864,5.528133986001194,20.51800925925926
Ni,ye3t_tagged_60,tagged_ye3t,60,15,45,2,6,33.0241,1,250,864,36.80424067000058,152.88935185185184
Ni,ye3t_tagged_127,tagged_ye3t,127,59,68,3,0,39.5594,1,250,864,44.94286629999988,183.14537037037036
Ni,ace_149,ace,149,149,0,3,1,9.85083,1,250,864,11.42174226499992,45.605694444444445
Ni,ye3t_tagged_149,tagged_ye3t,149,81,68,3,2,39.2752,1,250,864,44.676336487998924,181.82962962962964
Ni,ace_60,ace,60,60,0,3,4,4.32544,1,250,864,5.210762466998858,20.025185185185187
Ni,ye3t_tagged_60,tagged_ye3t,60,15,45,3,5,32.134,1,250,864,36.90933210500225,148.7685185185185
Ni,ace_127,ace,127,127,0,3,6,6.36866,1,250,864,7.67325803499989,29.484537037037036
Ni,ace_149,ace,149,149,0,4,0,9.73599,1,250,864,11.312424381998426,45.07402777777778
Ni,ye3t_tagged_149,tagged_ye3t,149,81,68,4,1,39.6927,1,250,864,45.10163355199984,183.7625
Ni,ace_60,ace,60,60,0,4,3,4.36513,1,250,864,5.477923809001368,20.208935185185187
Ni,ye3t_tagged_60,tagged_ye3t,60,15,45,4,4,33.482,1,250,864,38.27592229500078,155.00925925925927
Ni,ace_127,ace,127,127,0,4,5,6.51336,1,250,864,7.8079509979979775,30.154444444444444
Ni,ye3t_tagged_127,tagged_ye3t,127,59,68,4,6,39.7859,1,250,864,45.30187735100117,184.19398148148147
Ni,ace_60,ace,60,60,0,0,0,1.23321,4,250,864,2.1168199020030443,5.709305555555556
Ni,ye3t_tagged_60,tagged_ye3t,60,15,45,0,1,9.24094,4,250,864,11.10937665900201,42.78212962962963
Ni,ace_127,ace,127,127,0,0,2,1.82256,4,250,864,2.746600946997205,8.437777777777777
Ni,ye3t_tagged_127,tagged_ye3t,127,59,68,0,3,11.3799,4,250,864,14.573792576000415,52.68472222222222
Ni,ace_149,ace,149,149,0,0,4,2.77344,4,250,864,3.7984372390019416,12.84
Ni,ye3t_tagged_149,tagged_ye3t,149,81,68,0,5,11.5057,4,250,864,13.526168205000431,53.26712962962963
Ni,ye3t_tagged_60,tagged_ye3t,60,15,45,1,0,9.43092,4,250,864,11.28628242600098,43.66166666666667
Ni,ace_127,ace,127,127,0,1,1,1.86681,4,250,864,2.7861374490021262,8.64263888888889
Ni,ye3t_tagged_127,tagged_ye3t,127,59,68,1,2,11.571,4,250,864,15.119378240000515,53.56944444444444
Ni,ace_149,ace,149,149,0,1,3,2.82365,4,250,864,4.197559682997962,13.072453703703705
Ni,ye3t_tagged_149,tagged_ye3t,149,81,68,1,4,11.6821,4,250,864,14.069687948001956,54.0837962962963
Ni,ace_60,ace,60,60,0,1,6,1.2903,4,250,864,3.1078931299998658,5.973611111111111
Ni,ace_127,ace,127,127,0,2,0,1.87551,4,250,864,3.940055057999416,8.682916666666667
Ni,ye3t_tagged_127,tagged_ye3t,127,59,68,2,1,11.6069,4,250,864,15.793265328997222,53.73564814814815
Ni,ace_149,ace,149,149,0,2,2,2.86379,4,250,864,4.814887892000115,13.258287037037038
Ni,ye3t_tagged_149,tagged_ye3t,149,81,68,2,3,11.8436,4,250,864,14.629803110001376,54.83148148148148
Ni,ace_60,ace,60,60,0,2,5,1.30032,4,250,864,2.541734512000403,6.02
Ni,ye3t_tagged_60,tagged_ye3t,60,15,45,2,6,9.72725,4,250,864,11.921719359001145,45.03356481481482
Ni,ye3t_tagged_127,tagged_ye3t,127,59,68,3,0,11.857,4,250,864,15.33821848700245,54.89351851851852
Ni,ace_149,ace,149,149,0,3,1,2.86976,4,250,864,3.9271005830014474,13.285925925925927
Ni,ye3t_tagged_149,tagged_ye3t,149,81,68,3,2,12.1863,4,250,864,15.402535412998986,56.418055555555554
Ni,ace_60,ace,60,60,0,3,4,1.31982,4,250,864,2.207509495998238,6.110277777777778
Ni,ye3t_tagged_60,tagged_ye3t,60,15,45,3,5,9.87511,4,250,864,13.228685663998476,45.71810185185185
Ni,ace_127,ace,127,127,0,3,6,1.91203,4,250,864,2.8570889859984163,8.85199074074074
Ni,ace_149,ace,149,149,0,4,0,2.93998,4,250,864,4.022544168001332,13.611018518518518
Ni,ye3t_tagged_149,tagged_ye3t,149,81,68,4,1,12.179,4,250,864,15.489769265001087,56.38425925925926
Ni,ace_60,ace,60,60,0,4,3,1.33678,4,250,864,2.233977085001243,6.188796296296296
Ni,ye3t_tagged_60,tagged_ye3t,60,15,45,4,4,9.77164,4,250,864,11.99490457900174,45.239074074074075
Ni,ace_127,ace,127,127,0,4,5,1.93263,4,250,864,2.950197289999778,8.94736111111111
Ni,ye3t_tagged_127,tagged_ye3t,127,59,68,4,6,12.008,4,250,864,15.178215706997435,55.592592592592595
